site,controlDiversity,tenMinDiversity,twentyMinDiversity,speciesRichness,algaePercentCover,po4SedMean,po4WaterIntMean,po4WaterSurfMean,no2no3SedMean,no2no3WaterIntMean,no2no3WaterSurfMean,nh4SedMean,nh4WaterIntMean,nh4WaterSurfMean,totalSedMean,totalWaterIntMean,totalWaterSurfMean
Samil,1.0968329574448445,1.3273081493178245,1.089225079262719,11,1.448,2.0836467664722065,70.56400000000001,19.511,0.0934379892320093,43.00983333333334,18.543166666666668,2.760822102509147,425.449095,427.31744499999996,2.854260091741157,468.4589283333333,445.86061166666667
America_1,1.7993550603215427,1.7574010873643306,1.6790278259158053,13,3.47,2.14048196239886,528.0255000000001,172.94933333333333,0.1173934424333825,92.26149999999997,33.191,13.556920379250279,527.0512150000001,452.67368500000003,13.674313821683663,619.312715,485.864685
America_2,0.5289001591060308,0.7911663717893567,0.7361412859203514,6,0.702,1.4063712061861546,927.8223333333332,279.3761666666667,0.07647759455717038,75.20949999999999,71.55766666666666,2.344671222874337,589.466575,391.1108,2.421148817431507,664.676075,462.6684666666667
Barra,1.1333465122846802,1.0758190264698297,1.1166525977195092,11,0.279,1.0901945844992442,3.433,5.78,0.08868881234244064,51.0705,47.44033333333334,0.6777870081136096,164.17216666666664,217.04166666666666,0.7664758204560501,215.24266666666665,264.482
Nerga,1.506367021807057,1.4377199095900304,1.5024463656253426,13,0.988,1.6053685840845564,183.28650000000002,81.66333333333334,0.10669792138803492,89.56666666666668,25.046500000000005,4.106395416413566,436.63081500000004,415.050835,4.213093337801601,526.1974816666666,440.097335
Lanzada,0.8570891844582383,0.9971396584714477,1.0061969330635845,8,1.033,1.8761797140758505,4.488833333333334,4.659833333333334,0.14636876422583733,138.44016666666667,34.7415,1.7284935799449255,139.82816666666668,125.84750000000001,1.8748623441707633,278.2683333333334,160.58900000000003
Corrubedo,0.9561902543486114,0.9477152258714573,0.8427499012981863,8,1.093,2.399613477010469,385.32199999999995,21.08516666666667,0.10411519843342017,87.89966666666668,13.588833333333332,7.713516213097925,521.71427,351.443515,7.817631411531347,609.6139366666667,365.03234833333335
Carnota,1.013886379975113,1.0078659576503846,0.9723247763628307,7,1.972,1.7601678421012747,463.5935,11.466833333333334,0.07722012406229667,0.19999999999999998,13.440833333333332,5.77898390810358,804.569345,442.45581,5.856204032165876,804.7693450000002,455.8966433333333
