site,controlDiversity,tenMinDiversity,twentyMinDiversity,speciesRichness,algaePercentCover,po4SedMean,po4WaterIntMean,po4WaterSurfMean
Samil,1.0968329574448445,1.3273081493178245,1.089225079262719,11,1.448,2.0836467664722065,70.56400000000001,19.511
America_1,1.7993550603215427,1.7574010873643306,1.6790278259158053,13,3.47,2.14048196239886,528.0255000000001,172.94933333333333
America_2,0.5289001591060308,0.7911663717893567,0.7361412859203514,6,0.702,1.4063712061861546,927.8223333333332,279.3761666666667
Barra,1.1333465122846802,1.0758190264698297,1.1166525977195092,11,0.279,1.0901945844992442,3.433,5.78
Nerga,1.506367021807057,1.4377199095900304,1.5024463656253426,13,0.988,1.6053685840845564,183.28650000000002,81.66333333333334
Lanzada,0.8570891844582383,0.9971396584714477,1.0061969330635845,8,1.033,1.8761797140758505,4.488833333333334,4.659833333333334
Corrubedo,0.9561902543486114,0.9477152258714573,0.8427499012981863,8,1.093,2.399613477010469,385.32199999999995,21.08516666666667
Carnota,1.013886379975113,1.0078659576503846,0.9723247763628307,7,1.972,1.7601678421012747,463.5935,11.466833333333334
